-- MySQL dump 10.13  Distrib 8.0.28, for Win64 (x86_64)
--
-- Host: 127.0.0.1    Database: groupomania
-- ------------------------------------------------------
-- Server version	8.0.28

/*!40101 SET @OLD_CHARACTER_SET_CLIENT=@@CHARACTER_SET_CLIENT */;
/*!40101 SET @OLD_CHARACTER_SET_RESULTS=@@CHARACTER_SET_RESULTS */;
/*!40101 SET @OLD_COLLATION_CONNECTION=@@COLLATION_CONNECTION */;
/*!50503 SET NAMES utf8 */;
/*!40103 SET @OLD_TIME_ZONE=@@TIME_ZONE */;
/*!40103 SET TIME_ZONE='+00:00' */;
/*!40014 SET @OLD_UNIQUE_CHECKS=@@UNIQUE_CHECKS, UNIQUE_CHECKS=0 */;
/*!40014 SET @OLD_FOREIGN_KEY_CHECKS=@@FOREIGN_KEY_CHECKS, FOREIGN_KEY_CHECKS=0 */;
/*!40101 SET @OLD_SQL_MODE=@@SQL_MODE, SQL_MODE='NO_AUTO_VALUE_ON_ZERO' */;
/*!40111 SET @OLD_SQL_NOTES=@@SQL_NOTES, SQL_NOTES=0 */;

--
-- Table structure for table `comment`
--

DROP TABLE IF EXISTS `comment`;
/*!40101 SET @saved_cs_client     = @@character_set_client */;
/*!50503 SET character_set_client = utf8mb4 */;
CREATE TABLE `comment` (
  `idComment` int NOT NULL AUTO_INCREMENT,
  `comment` varchar(500) NOT NULL,
  `authorId` int NOT NULL,
  `postId` int NOT NULL,
  PRIMARY KEY (`idComment`),
  KEY `authorId_idx` (`authorId`),
  KEY `postId_idx` (`postId`),
  CONSTRAINT `author` FOREIGN KEY (`authorId`) REFERENCES `user` (`id`) ON DELETE CASCADE,
  CONSTRAINT `postId` FOREIGN KEY (`postId`) REFERENCES `post` (`postId`) ON DELETE CASCADE
) ENGINE=InnoDB AUTO_INCREMENT=216 DEFAULT CHARSET=utf8mb4 COLLATE=utf8mb4_0900_ai_ci;
/*!40101 SET character_set_client = @saved_cs_client */;

--
-- Dumping data for table `comment`
--

LOCK TABLES `comment` WRITE;
/*!40000 ALTER TABLE `comment` DISABLE KEYS */;
INSERT INTO `comment` VALUES (215,'C\'est magnifique... ',107,329);
/*!40000 ALTER TABLE `comment` ENABLE KEYS */;
UNLOCK TABLES;

--
-- Table structure for table `like`
--

DROP TABLE IF EXISTS `like`;
/*!40101 SET @saved_cs_client     = @@character_set_client */;
/*!50503 SET character_set_client = utf8mb4 */;
CREATE TABLE `like` (
  `likeId` int NOT NULL AUTO_INCREMENT,
  `postId` int NOT NULL,
  `userId` int NOT NULL,
  PRIMARY KEY (`likeId`),
  KEY `postId_idx` (`postId`),
  KEY `userIdlike_idx` (`userId`),
  CONSTRAINT `postIdlikes` FOREIGN KEY (`postId`) REFERENCES `post` (`postId`) ON DELETE CASCADE,
  CONSTRAINT `userIdlike` FOREIGN KEY (`userId`) REFERENCES `user` (`id`) ON DELETE CASCADE
) ENGINE=InnoDB AUTO_INCREMENT=474 DEFAULT CHARSET=utf8mb4 COLLATE=utf8mb4_0900_ai_ci;
/*!40101 SET character_set_client = @saved_cs_client */;

--
-- Dumping data for table `like`
--

LOCK TABLES `like` WRITE;
/*!40000 ALTER TABLE `like` DISABLE KEYS */;
INSERT INTO `like` VALUES (466,329,108),(467,329,107),(468,329,1),(473,337,107);
/*!40000 ALTER TABLE `like` ENABLE KEYS */;
UNLOCK TABLES;

--
-- Table structure for table `post`
--

DROP TABLE IF EXISTS `post`;
/*!40101 SET @saved_cs_client     = @@character_set_client */;
/*!50503 SET character_set_client = utf8mb4 */;
CREATE TABLE `post` (
  `postId` int NOT NULL AUTO_INCREMENT,
  `text` varchar(300) DEFAULT NULL,
  `imageUrl` varchar(300) DEFAULT NULL,
  `date` datetime DEFAULT NULL,
  `like` int DEFAULT '0',
  `authorId` int NOT NULL,
  `comment` int NOT NULL DEFAULT '0',
  PRIMARY KEY (`postId`),
  KEY `authorId_idx` (`authorId`),
  CONSTRAINT `authorId` FOREIGN KEY (`authorId`) REFERENCES `user` (`id`) ON DELETE CASCADE
) ENGINE=InnoDB AUTO_INCREMENT=343 DEFAULT CHARSET=utf8mb4 COLLATE=utf8mb4_0900_ai_ci;
/*!40101 SET character_set_client = @saved_cs_client */;

--
-- Dumping data for table `post`
--

LOCK TABLES `post` WRITE;
/*!40000 ALTER TABLE `post` DISABLE KEYS */;
INSERT INTO `post` VALUES (329,'J\'ai passé une superbe journée ! Vive les vacances !!!','http://localhost:3000/images/post/image1646910671238.jpg','2022-03-10 12:11:11',3,108,1),(335,'salut','','2022-03-10 14:06:18',0,109,0),(337,'salut','','2022-03-11 13:25:15',1,107,0);
/*!40000 ALTER TABLE `post` ENABLE KEYS */;
UNLOCK TABLES;

--
-- Table structure for table `user`
--

DROP TABLE IF EXISTS `user`;
/*!40101 SET @saved_cs_client     = @@character_set_client */;
/*!50503 SET character_set_client = utf8mb4 */;
CREATE TABLE `user` (
  `id` int NOT NULL AUTO_INCREMENT,
  `nom` varchar(45) NOT NULL,
  `prenom` varchar(45) NOT NULL,
  `email` varchar(45) NOT NULL,
  `password` varchar(250) NOT NULL,
  `pp` varchar(500) DEFAULT NULL,
  `desc` varchar(45) DEFAULT NULL,
  `admin` tinyint NOT NULL DEFAULT '0',
  PRIMARY KEY (`id`),
  UNIQUE KEY `email_UNIQUE` (`email`)
) ENGINE=InnoDB AUTO_INCREMENT=110 DEFAULT CHARSET=utf8mb4 COLLATE=utf8mb4_0900_ai_ci;
/*!40101 SET character_set_client = @saved_cs_client */;

--
-- Dumping data for table `user`
--

LOCK TABLES `user` WRITE;
/*!40000 ALTER TABLE `user` DISABLE KEYS */;
INSERT INTO `user` VALUES (1,'Admin','Mr','admin@admin.com','$2b$10$X09lce9qyFcdmzkisr3tPeLATP3zUY2ZoRXk61EEZzV.X9LmaQCIS','http://localhost:3000/images/profile/image1646913879104.jpg','Admin de Groupomania',1),(107,'Durand','Jean-Charles','test1@test.com','$2b$10$1xjzaKPcvLecyFsdTthCL.GlavSXw7uD3eOw.1S25xSGq88l86Tum','http://localhost:3000/images/profile/image1646910357875.jpg',NULL,0),(108,'Defarm','Corine','test2@test.com','$2b$10$HqttCEcDMMT9g2fjqK2ip.ia0chpDsR4v/fZQd/Umcs1ebM1DdG8a','http://localhost:3000/images/profile/image1646910506276.jpg',NULL,0),(109,'Abouder','Babacar','test3@test.com','$2b$10$W8BPLFz/2CZxaVq/2krf4esrWUoFJZASxxvy5u1A4UNGMZ3P01owC','http://localhost:3000/images/profile/pp.png',NULL,0);
/*!40000 ALTER TABLE `user` ENABLE KEYS */;
UNLOCK TABLES;
/*!40103 SET TIME_ZONE=@OLD_TIME_ZONE */;

/*!40101 SET SQL_MODE=@OLD_SQL_MODE */;
/*!40014 SET FOREIGN_KEY_CHECKS=@OLD_FOREIGN_KEY_CHECKS */;
/*!40014 SET UNIQUE_CHECKS=@OLD_UNIQUE_CHECKS */;
/*!40101 SET CHARACTER_SET_CLIENT=@OLD_CHARACTER_SET_CLIENT */;
/*!40101 SET CHARACTER_SET_RESULTS=@OLD_CHARACTER_SET_RESULTS */;
/*!40101 SET COLLATION_CONNECTION=@OLD_COLLATION_CONNECTION */;
/*!40111 SET SQL_NOTES=@OLD_SQL_NOTES */;

-- Dump completed on 2022-03-12 10:39:58
